03/05/12,12:05 PM,03:05 PM,Dodgers at White Sox,Camelback Ranch,"Local Radio: KTNQ 1020 -- 570 Fox Sports L.A.",03/05/12,03/05/12,03:05 PM,06:05 PM,FALSE,TRUE,03/05/12,11:05 AM,02:05 PM,FREE,BUSY,POSTED
03/06/12,12:05 PM,03:05 PM,Giants at Dodgers,Camelback Ranch,"Local TV: PRIME -- MLBN (delay) -- MLB.TV ----- Local Radio: 570 Fox Sports L.A.",03/06/12,03/06/12,03:05 PM,06:05 PM,FALSE,TRUE,03/06/12,11:05 AM,02:05 PM,FREE,BUSY,POSTED
03/07/12,12:05 PM,03:05 PM,Dodgers at Athletics,Phoenix Municipal Stadium,,03/07/12,03/07/12,03:05 PM,06:05 PM,FALSE,TRUE,03/07/12,11:05 AM,02:05 PM,FREE,BUSY,POSTED
03/08/12,12:05 PM,03:05 PM,Athletics at Dodgers,Camelback Ranch,"Local TV: MLB.TV -- MLBN (delay) -- PRIME ----- Local Radio: MLB.com",03/08/12,03/08/12,03:05 PM,06:05 PM,FALSE,TRUE,03/08/12,11:05 AM,02:05 PM,FREE,BUSY,POSTED
03/09/12,12:05 PM,03:05 PM,Dodgers at Rangers,Surprise Stadium,"Local Radio: MLB.com -- 570 Fox Sports L.A.",03/09/12,03/09/12,03:05 PM,06:05 PM,FALSE,TRUE,03/09/12,11:05 AM,02:05 PM,FREE,BUSY,POSTED
03/10/12,12:05 PM,03:05 PM,Dodgers at Mariners,Peoria Stadium,,03/10/12,03/10/12,03:05 PM,06:05 PM,FALSE,TRUE,03/10/12,11:05 AM,02:05 PM,FREE,BUSY,POSTED
03/10/12,06:05 PM,09:05 PM,Dodgers at White Sox,Camelback Ranch,,03/10/12,03/11/12,09:05 PM,12:05 AM,FALSE,TRUE,03/10/12,05:05 PM,08:05 PM,FREE,BUSY,POSTED
03/11/12,12:05 PM,03:05 PM,Cubs at Dodgers,Camelback Ranch,"Local TV: MLB.TV -- PRIME -- MLBN (delay) ----- Local Radio: 570 Fox Sports L.A.",03/11/12,03/11/12,03:05 PM,06:05 PM,FALSE,TRUE,03/11/12,11:05 AM,02:05 PM,FREE,BUSY,POSTED
03/12/12,01:05 PM,04:05 PM,Dodgers at Angels,Tempe Diablo Stadium,"Local TV: MLBN (delay) -- MLB.TV ----- Local Radio: 570 Fox Sports L.A.",03/12/12,03/12/12,04:05 PM,07:05 PM,FALSE,TRUE,03/12/12,12:05 PM,03:05 PM,FREE,BUSY,POSTED
03/13/12,01:05 PM,04:05 PM,Rockies at Dodgers,Camelback Ranch,"Local TV: PRIME -- MLBN (delay) -- MLB.TV ----- Local Radio: MLB.com",03/13/12,03/13/12,04:05 PM,07:05 PM,FALSE,TRUE,03/13/12,12:05 PM,03:05 PM,FREE,BUSY,POSTED
03/14/12,07:05 PM,10:05 PM,Dodgers at Reds,Goodyear Ballpark,,03/14/12,03/15/12,10:05 PM,01:05 AM,FALSE,TRUE,03/14/12,06:05 PM,09:05 PM,FREE,BUSY,POSTED
03/15/12,01:05 PM,04:05 PM,Royals at Dodgers,Camelback Ranch,"Local TV: PRIME -- MLBN (delay) -- MLB.TV ----- Local Radio: MLB.com",03/15/12,03/15/12,04:05 PM,07:05 PM,FALSE,TRUE,03/15/12,12:05 PM,03:05 PM,FREE,BUSY,POSTED
03/16/12,01:05 PM,04:05 PM,Rangers at Dodgers,Camelback Ranch,"Local TV: MLB.com -- PRIME -- MLBN ----- Local Radio: MLB.com",03/16/12,03/16/12,04:05 PM,07:05 PM,FALSE,TRUE,03/16/12,12:05 PM,03:05 PM,FREE,BUSY,POSTED
03/17/12,01:10 PM,04:10 PM,Dodgers at Rockies,Salt River Fields at Talking Stick,"Local TV: MLB.TV -- MLBN (delay)",03/17/12,03/17/12,04:10 PM,07:10 PM,FALSE,TRUE,03/17/12,12:10 PM,03:10 PM,FREE,BUSY,POSTED
03/17/12,07:05 PM,10:05 PM,Giants at Dodgers,Camelback Ranch,"Local TV: PRIME -- MLB.TV -- MLB.com -- MLBN ----- Local Radio: KTNQ 1020",03/17/12,03/18/12,10:05 PM,01:05 AM,FALSE,TRUE,03/17/12,06:05 PM,09:05 PM,FREE,BUSY,POSTED
03/18/12,01:05 PM,04:05 PM,Angels at Dodgers,Camelback Ranch,"Local TV: KCAL -- MLBN (delay) -- MLB.TV ----- Local Radio: KTNQ 1020",03/18/12,03/18/12,04:05 PM,07:05 PM,FALSE,TRUE,03/18/12,12:05 PM,03:05 PM,FREE,BUSY,POSTED
03/19/12,01:05 PM,04:05 PM,Dodgers at Indians,Goodyear Ballpark,"Local TV: MLB.TV -- MLBN -- MLB.com",03/19/12,03/19/12,04:05 PM,07:05 PM,FALSE,TRUE,03/19/12,12:05 PM,03:05 PM,FREE,BUSY,POSTED
03/20/12,01:05 PM,04:05 PM,Brewers at Dodgers,Camelback Ranch,"Local TV: MLB.TV -- MLBN -- PRIME ----- Local Radio: MLB.com",03/20/12,03/20/12,04:05 PM,07:05 PM,FALSE,TRUE,03/20/12,12:05 PM,03:05 PM,FREE,BUSY,POSTED
03/21/12,01:05 PM,04:05 PM,Padres at Dodgers,Camelback Ranch,"Local TV: MLB.TV -- MLBN (delay) -- PRIME",03/21/12,03/21/12,04:05 PM,07:05 PM,FALSE,TRUE,03/21/12,12:05 PM,03:05 PM,FREE,BUSY,POSTED
03/23/12,01:05 PM,04:05 PM,Dodgers at White Sox,Kino Veterans Memorial Stadium,,03/23/12,03/23/12,04:05 PM,07:05 PM,FALSE,TRUE,03/23/12,12:05 PM,03:05 PM,FREE,BUSY,POSTED
03/23/12,01:05 PM,04:05 PM,Dodgers at Royals,Surprise Stadium,,03/23/12,03/23/12,04:05 PM,07:05 PM,FALSE,TRUE,03/23/12,12:05 PM,03:05 PM,FREE,BUSY,POSTED
03/24/12,01:05 PM,04:05 PM,Indians at Dodgers,Camelback Ranch,"Local TV: MLB.com -- MLB.TV -- KCAL -- MLBN ----- Local Radio: KTNQ 1020",03/24/12,03/24/12,04:05 PM,07:05 PM,FALSE,TRUE,03/24/12,12:05 PM,03:05 PM,FREE,BUSY,POSTED
03/25/12,01:05 PM,04:05 PM,Dodgers at Brewers,Maryvale Baseball Park,"Local Radio: KTNQ 1020",03/25/12,03/25/12,04:05 PM,07:05 PM,FALSE,TRUE,03/25/12,12:05 PM,03:05 PM,FREE,BUSY,POSTED
03/26/12,01:05 PM,04:05 PM,White Sox at Dodgers,Camelback Ranch,"Local TV: MLBN (delay) -- PRIME -- MLB.TV",03/26/12,03/26/12,04:05 PM,07:05 PM,FALSE,TRUE,03/26/12,12:05 PM,03:05 PM,FREE,BUSY,POSTED
03/27/12,01:05 PM,04:05 PM,Dodgers at Padres,Peoria Stadium,,03/27/12,03/27/12,04:05 PM,07:05 PM,FALSE,TRUE,03/27/12,12:05 PM,03:05 PM,FREE,BUSY,POSTED
03/28/12,01:05 PM,04:05 PM,Dodgers at Giants,Scottsdale Stadium,,03/28/12,03/28/12,04:05 PM,07:05 PM,FALSE,TRUE,03/28/12,12:05 PM,03:05 PM,FREE,BUSY,POSTED
03/29/12,01:05 PM,04:05 PM,White Sox at Dodgers,Camelback Ranch,"Local TV: MLBN (delay) -- MLB.TV -- PRIME",03/29/12,03/29/12,04:05 PM,07:05 PM,FALSE,TRUE,03/29/12,12:05 PM,03:05 PM,FREE,BUSY,POSTED
03/30/12,01:05 PM,04:05 PM,Brewers at Dodgers,Camelback Ranch,"Local TV: MLB.TV -- MLBN (delay) -- PRIME",03/30/12,03/30/12,04:05 PM,07:05 PM,FALSE,TRUE,03/30/12,12:05 PM,03:05 PM,FREE,BUSY,POSTED
03/30/12,01:05 PM,04:05 PM,Dodgers at Cubs,HoHoKam Park,,03/30/12,03/30/12,04:05 PM,07:05 PM,FALSE,TRUE,03/30/12,12:05 PM,03:05 PM,FREE,BUSY,POSTED
03/31/12,01:10 PM,04:10 PM,Dodgers at D-backs,Salt River Fields at Talking Stick,"Local Radio: KTNQ 1020",03/31/12,03/31/12,04:10 PM,07:10 PM,FALSE,TRUE,03/31/12,12:10 PM,03:10 PM,FREE,BUSY,POSTED
04/01/12,01:05 PM,04:05 PM,D-backs at Dodgers,Camelback Ranch,"Local TV: PRIME -- MLB.TV -- MLBN (delay) ----- Local Radio: 570 Fox Sports L.A. -- KTNQ 1020",04/01/12,04/01/12,04:05 PM,07:05 PM,FALSE,TRUE,04/01/12,12:05 PM,03:05 PM,FREE,BUSY,POSTED
04/02/12,07:05 PM,10:05 PM,Dodgers at Angels,Angel Stadium of Anaheim,"Local TV: FS-W -- MLB.com -- MLB.TV -- MLBN ----- Local Radio: 570 Fox Sports L.A.",04/02/12,04/03/12,10:05 PM,01:05 AM,FALSE,TRUE,04/02/12,06:05 PM,09:05 PM,FREE,BUSY,POSTED
04/03/12,07:10 PM,10:10 PM,Angels at Dodgers,Dodger Stadium,"Local TV: MLB.TV -- KCAL ----- Local Radio: 570 Fox Sports L.A. -- KTNQ 1020",04/03/12,04/04/12,10:10 PM,01:10 AM,FALSE,TRUE,04/03/12,06:10 PM,09:10 PM,FREE,BUSY,POSTED
04/04/12,12:10 PM,03:10 PM,Angels at Dodgers,Dodger Stadium,"Local TV: MLB.TV -- MLBN -- MLB.com -- FS-W ----- Local Radio: 570 Fox Sports L.A.",04/04/12,04/04/12,03:10 PM,06:10 PM,FALSE,TRUE,04/04/12,11:10 AM,02:10 PM,FREE,BUSY,POSTED
04/05/12,04:05 PM,07:05 PM,Dodgers at Padres,PETCO Park,"Local TV: PRIME -- MLBN ----- Local Radio: KTNQ 1020 -- 570 Fox Sports L.A.",04/05/12,04/05/12,07:05 PM,10:05 PM,FALSE,TRUE,04/05/12,03:05 PM,06:05 PM,FREE,BUSY,POSTED
04/06/12,07:05 PM,10:05 PM,Dodgers at Padres,PETCO Park,"Local TV: KCAL ----- Local Radio: 570 Fox Sports L.A. -- KTNQ 1020",04/06/12,04/07/12,10:05 PM,01:05 AM,FALSE,TRUE,04/06/12,06:05 PM,09:05 PM,FREE,BUSY,POSTED
04/07/12,05:35 PM,08:35 PM,Dodgers at Padres,PETCO Park,"Local TV: PRIME ----- Local Radio: KTNQ 1020 -- 570 Fox Sports L.A.",04/07/12,04/07/12,08:35 PM,11:35 PM,FALSE,TRUE,04/07/12,04:35 PM,07:35 PM,FREE,BUSY,POSTED
04/08/12,01:05 PM,04:05 PM,Dodgers at Padres,PETCO Park,"Local TV: PRIME ----- Local Radio: 570 Fox Sports L.A. -- KTNQ 1020",04/08/12,04/08/12,04:05 PM,07:05 PM,FALSE,TRUE,04/08/12,12:05 PM,03:05 PM,FREE,BUSY,POSTED
04/10/12,01:10 PM,04:10 PM,Pirates at Dodgers,Dodger Stadium,"Local TV: MLBN -- PRIME ----- Local Radio: KTNQ 1020 -- 570 Fox Sports L.A.",04/10/12,04/10/12,04:10 PM,07:10 PM,FALSE,TRUE,04/10/12,12:10 PM,03:10 PM,FREE,BUSY,POSTED
04/11/12,07:10 PM,10:10 PM,Pirates at Dodgers,Dodger Stadium,"Local TV: TWC 858 -- PRIME ----- Local Radio: 570 Fox Sports L.A. -- KTNQ 1020",04/11/12,04/12/12,10:10 PM,01:10 AM,FALSE,TRUE,04/11/12,06:10 PM,09:10 PM,FREE,BUSY,POSTED
04/12/12,07:10 PM,10:10 PM,Pirates at Dodgers,Dodger Stadium,"Local TV: TWC 858 -- PRIME ----- Local Radio: KTNQ 1020 -- 570 Fox Sports L.A.",04/12/12,04/13/12,10:10 PM,01:10 AM,FALSE,TRUE,04/12/12,06:10 PM,09:10 PM,FREE,BUSY,POSTED
04/13/12,07:10 PM,10:10 PM,Padres at Dodgers,Dodger Stadium,"Local TV: PRIME -- TWC 858 ----- Local Radio: KTNQ 1020 -- 570 Fox Sports L.A.",04/13/12,04/14/12,10:10 PM,01:10 AM,FALSE,TRUE,04/13/12,06:10 PM,09:10 PM,FREE,BUSY,POSTED
04/14/12,06:10 PM,09:10 PM,Padres at Dodgers,Dodger Stadium,"Local TV: PRIME ----- Local Radio: KTNQ 1020 -- 570 Fox Sports L.A.",04/14/12,04/15/12,09:10 PM,12:10 AM,FALSE,TRUE,04/14/12,05:10 PM,08:10 PM,FREE,BUSY,POSTED
04/15/12,01:10 PM,04:10 PM,Padres at Dodgers,Dodger Stadium,"Local TV: TWC 858 -- PRIME ----- Local Radio: KTNQ 1020 -- 570 Fox Sports L.A.",04/15/12,04/15/12,04:10 PM,07:10 PM,FALSE,TRUE,04/15/12,12:10 PM,03:10 PM,FREE,BUSY,POSTED
04/17/12,05:10 PM,08:10 PM,Dodgers at Brewers,Miller Park,"Local TV: KCAL ----- Local Radio: KTNQ 1020 -- 570 Fox Sports L.A.",04/17/12,04/17/12,08:10 PM,11:10 PM,FALSE,TRUE,04/17/12,04:10 PM,07:10 PM,FREE,BUSY
04/18/12,05:10 PM,08:10 PM,Dodgers at Brewers,Miller Park,"Local TV: PRIME ----- Local Radio: 570 Fox Sports L.A. -- KTNQ 1020",04/18/12,04/18/12,08:10 PM,11:10 PM,FALSE,TRUE,04/18/12,04:10 PM,07:10 PM,FREE,BUSY
04/19/12,10:10 AM,01:10 PM,Dodgers at Brewers,Miller Park,"Local TV: PRIME -- MLBN ----- Local Radio: 570 Fox Sports L.A. -- KTNQ 1020",04/19/12,04/19/12,01:10 PM,04:10 PM,FALSE,TRUE,04/19/12,09:10 AM,12:10 PM,FREE,BUSY
04/20/12,05:05 PM,08:05 PM,Dodgers at Astros,Minute Maid Park,"Local TV: PRIME -- MLBN ----- Local Radio: 570 Fox Sports L.A. -- KTNQ 1020",04/20/12,04/20/12,08:05 PM,11:05 PM,FALSE,TRUE,04/20/12,04:05 PM,07:05 PM,FREE,BUSY
04/21/12,04:05 PM,07:05 PM,Dodgers at Astros,Minute Maid Park,"Local TV: KCAL ----- Local Radio: KTNQ 1020 -- 570 Fox Sports L.A.",04/21/12,04/21/12,07:05 PM,10:05 PM,FALSE,TRUE,04/21/12,03:05 PM,06:05 PM,FREE,BUSY
04/22/12,11:05 AM,02:05 PM,Dodgers at Astros,Minute Maid Park,"Local TV: KCAL ----- Local Radio: KTNQ 1020 -- 570 Fox Sports L.A.",04/22/12,04/22/12,02:05 PM,05:05 PM,FALSE,TRUE,04/22/12,10:05 AM,01:05 PM,FREE,BUSY
04/23/12,07:10 PM,10:10 PM,Braves at Dodgers,Dodger Stadium,"Local TV: TWC 858 -- PRIME ----- Local Radio: 570 Fox Sports L.A. -- KTNQ 1020",04/23/12,04/24/12,10:10 PM,01:10 AM,FALSE,TRUE,04/23/12,06:10 PM,09:10 PM,FREE,BUSY
04/24/12,07:10 PM,10:10 PM,Braves at Dodgers,Dodger Stadium,"Local TV: KCAL ----- Local Radio: KTNQ 1020 -- 570 Fox Sports L.A.",04/24/12,04/25/12,10:10 PM,01:10 AM,FALSE,TRUE,04/24/12,06:10 PM,09:10 PM,FREE,BUSY
04/25/12,07:10 PM,10:10 PM,Braves at Dodgers,Dodger Stadium,"Local TV: KCAL ----- Local Radio: KTNQ 1020 -- 570 Fox Sports L.A.",04/25/12,04/26/12,10:10 PM,01:10 AM,FALSE,TRUE,04/25/12,06:10 PM,09:10 PM,FREE,BUSY
04/27/12,07:10 PM,10:10 PM,Nationals at Dodgers,Dodger Stadium,"Local TV: PRIME -- TWC 858 ----- Local Radio: KTNQ 1020 -- 570 Fox Sports L.A.",04/27/12,04/28/12,10:10 PM,01:10 AM,FALSE,TRUE,04/27/12,06:10 PM,09:10 PM,FREE,BUSY
04/28/12,06:10 PM,09:10 PM,Nationals at Dodgers,Dodger Stadium,"Local TV: TWC 858 -- PRIME ----- Local Radio: 570 Fox Sports L.A. -- KTNQ 1020",04/28/12,04/29/12,09:10 PM,12:10 AM,FALSE,TRUE,04/28/12,05:10 PM,08:10 PM,FREE,BUSY
04/29/12,01:10 PM,04:10 PM,Nationals at Dodgers,Dodger Stadium,"Local TV: PRIME -- TWC 858 ----- Local Radio: KTNQ 1020 -- 570 Fox Sports L.A.",04/29/12,04/29/12,04:10 PM,07:10 PM,FALSE,TRUE,04/29/12,12:10 PM,03:10 PM,FREE,BUSY
04/30/12,05:40 PM,08:40 PM,Dodgers at Rockies,Coors Field,"Local TV: KCAL ----- Local Radio: 570 Fox Sports L.A. -- KTNQ 1020",04/30/12,04/30/12,08:40 PM,11:40 PM,FALSE,TRUE,04/30/12,04:40 PM,07:40 PM,FREE,BUSY
05/01/12,05:40 PM,08:40 PM,Dodgers at Rockies,Coors Field,"Local TV: KCAL ----- Local Radio: 570 Fox Sports L.A. -- KTNQ 1020",05/01/12,05/01/12,08:40 PM,11:40 PM,FALSE,TRUE,05/01/12,04:40 PM,07:40 PM,FREE,BUSY
05/02/12,12:10 PM,03:10 PM,Dodgers at Rockies,Coors Field,"Local TV: PRIME ----- Local Radio: 570 Fox Sports L.A. -- KTNQ 1020",05/02/12,05/02/12,03:10 PM,06:10 PM,FALSE,TRUE,05/02/12,11:10 AM,02:10 PM,FREE,BUSY
05/04/12,11:20 AM,02:20 PM,Dodgers at Cubs,Wrigley Field,"Local TV: PRIME ----- Local Radio: 570 Fox Sports L.A. -- KTNQ 1020",05/04/12,05/04/12,02:20 PM,05:20 PM,FALSE,TRUE,05/04/12,10:20 AM,01:20 PM,FREE,BUSY
05/05/12,10:05 AM,01:05 PM,Dodgers at Cubs,Wrigley Field,"Local TV: PRIME ----- Local Radio: 570 Fox Sports L.A. -- KTNQ 1020",05/05/12,05/05/12,01:05 PM,04:05 PM,FALSE,TRUE,05/05/12,09:05 AM,12:05 PM,FREE,BUSY
05/06/12,11:20 AM,02:20 PM,Dodgers at Cubs,Wrigley Field,"Local TV: KCAL ----- Local Radio: 570 Fox Sports L.A. -- KTNQ 1020",05/06/12,05/06/12,02:20 PM,05:20 PM,FALSE,TRUE,05/06/12,10:20 AM,01:20 PM,FREE,BUSY
05/07/12,07:10 PM,10:10 PM,Giants at Dodgers,Dodger Stadium,"Local TV: PRIME ----- Local Radio: 570 Fox Sports L.A. -- KTNQ 1020",05/07/12,05/08/12,10:10 PM,01:10 AM,FALSE,TRUE,05/07/12,06:10 PM,09:10 PM,FREE,BUSY
05/08/12,07:10 PM,10:10 PM,Giants at Dodgers,Dodger Stadium,"Local TV: KCAL ----- Local Radio: KTNQ 1020 -- 570 Fox Sports L.A.",05/08/12,05/09/12,10:10 PM,01:10 AM,FALSE,TRUE,05/08/12,06:10 PM,09:10 PM,FREE,BUSY
05/09/12,07:10 PM,10:10 PM,Giants at Dodgers,Dodger Stadium,"Local TV: TWC 858 -- PRIME ----- Local Radio: 570 Fox Sports L.A. -- KTNQ 1020",05/09/12,05/10/12,10:10 PM,01:10 AM,FALSE,TRUE,05/09/12,06:10 PM,09:10 PM,FREE,BUSY
05/11/12,07:10 PM,10:10 PM,Rockies at Dodgers,Dodger Stadium,"Local TV: PRIME -- TWC 858 ----- Local Radio: 570 Fox Sports L.A. -- KTNQ 1020",05/11/12,05/12/12,10:10 PM,01:10 AM,FALSE,TRUE,05/11/12,06:10 PM,09:10 PM,FREE,BUSY
05/12/12,06:10 PM,09:10 PM,Rockies at Dodgers,Dodger Stadium,"Local TV: PRIME -- TWC 858 ----- Local Radio: KTNQ 1020 -- 570 Fox Sports L.A.",05/12/12,05/13/12,09:10 PM,12:10 AM,FALSE,TRUE,05/12/12,05:10 PM,08:10 PM,FREE,BUSY
05/13/12,01:10 PM,04:10 PM,Rockies at Dodgers,Dodger Stadium,"Local TV: PRIME -- TWC 858 ----- Local Radio: 570 Fox Sports L.A. -- KTNQ 1020",05/13/12,05/13/12,04:10 PM,07:10 PM,FALSE,TRUE,05/13/12,12:10 PM,03:10 PM,FREE,BUSY
05/14/12,07:10 PM,10:10 PM,D-backs at Dodgers,Dodger Stadium,"Local TV: PRIME ----- Local Radio: 570 Fox Sports L.A. -- KTNQ 1020",05/14/12,05/15/12,10:10 PM,01:10 AM,FALSE,TRUE,05/14/12,06:10 PM,09:10 PM,FREE,BUSY
05/15/12,07:10 PM,10:10 PM,D-backs at Dodgers,Dodger Stadium,"Local TV: KCAL ----- Local Radio: KTNQ 1020 -- 570 Fox Sports L.A.",05/15/12,05/16/12,10:10 PM,01:10 AM,FALSE,TRUE,05/15/12,06:10 PM,09:10 PM,FREE,BUSY
05/16/12,03:35 PM,06:35 PM,Dodgers at Padres,PETCO Park,"Local TV: KCAL ----- Local Radio: 570 Fox Sports L.A. -- KTNQ 1020",05/16/12,05/16/12,06:35 PM,09:35 PM,FALSE,TRUE,05/16/12,02:35 PM,05:35 PM,FREE,BUSY
05/17/12,07:05 PM,10:05 PM,Dodgers at Padres,PETCO Park,"Local TV: PRIME ----- Local Radio: KTNQ 1020 -- 570 Fox Sports L.A.",05/17/12,05/18/12,10:05 PM,01:05 AM,FALSE,TRUE,05/17/12,06:05 PM,09:05 PM,FREE,BUSY
05/18/12,07:10 PM,10:10 PM,Cardinals at Dodgers,Dodger Stadium,"Local TV: PRIME -- TWC 858 ----- Local Radio: 570 Fox Sports L.A. -- KTNQ 1020",05/18/12,05/19/12,10:10 PM,01:10 AM,FALSE,TRUE,05/18/12,06:10 PM,09:10 PM,FREE,BUSY
05/19/12,07:10 PM,10:10 PM,Cardinals at Dodgers,Dodger Stadium,"Local TV: KCAL ----- Local Radio: KTNQ 1020 -- 570 Fox Sports L.A.",05/19/12,05/20/12,10:10 PM,01:10 AM,FALSE,TRUE,05/19/12,06:10 PM,09:10 PM,FREE,BUSY
05/20/12,05:00 PM,08:00 PM,Cardinals at Dodgers,Dodger Stadium,"Local TV: ESPN ----- Local Radio: KTNQ 1020 -- 570 Fox Sports L.A.",05/20/12,05/20/12,08:00 PM,11:00 PM,FALSE,TRUE,05/20/12,04:00 PM,07:00 PM,FREE,BUSY
05/21/12,06:40 PM,09:40 PM,Dodgers at D-backs,Chase Field,"Local TV: PRIME ----- Local Radio: KTNQ 1020 -- 570 Fox Sports L.A.",05/21/12,05/22/12,09:40 PM,12:40 AM,FALSE,TRUE,05/21/12,05:40 PM,08:40 PM,FREE,BUSY
05/22/12,06:40 PM,09:40 PM,Dodgers at D-backs,Chase Field,"Local TV: KCAL ----- Local Radio: 570 Fox Sports L.A. -- KTNQ 1020",05/22/12,05/23/12,09:40 PM,12:40 AM,FALSE,TRUE,05/22/12,05:40 PM,08:40 PM,FREE,BUSY
05/23/12,06:40 PM,09:40 PM,Dodgers at D-backs,Chase Field,"Local TV: KCAL ----- Local Radio: 570 Fox Sports L.A. -- KTNQ 1020",05/23/12,05/24/12,09:40 PM,12:40 AM,FALSE,TRUE,05/23/12,05:40 PM,08:40 PM,FREE,BUSY
05/25/12,07:10 PM,10:10 PM,Astros at Dodgers,Dodger Stadium,"Local TV: TWC 858 -- PRIME ----- Local Radio: 570 Fox Sports L.A. -- KTNQ 1020",05/25/12,05/26/12,10:10 PM,01:10 AM,FALSE,TRUE,05/25/12,06:10 PM,09:10 PM,FREE,BUSY
05/26/12,07:10 PM,10:10 PM,Astros at Dodgers,Dodger Stadium,"Local TV: PRIME -- TWC 858 ----- Local Radio: 570 Fox Sports L.A. -- KTNQ 1020",05/26/12,05/27/12,10:10 PM,01:10 AM,FALSE,TRUE,05/26/12,06:10 PM,09:10 PM,FREE,BUSY
05/27/12,01:10 PM,04:10 PM,Astros at Dodgers,Dodger Stadium,"Local TV: TWC 858 -- PRIME ----- Local Radio: 570 Fox Sports L.A. -- KTNQ 1020",05/27/12,05/27/12,04:10 PM,07:10 PM,FALSE,TRUE,05/27/12,12:10 PM,03:10 PM,FREE,BUSY
05/28/12,05:10 PM,08:10 PM,Brewers at Dodgers,Dodger Stadium,"Local TV: PRIME ----- Local Radio: KTNQ 1020 -- 570 Fox Sports L.A.",05/28/12,05/28/12,08:10 PM,11:10 PM,FALSE,TRUE,05/28/12,04:10 PM,07:10 PM,FREE,BUSY
05/29/12,07:10 PM,10:10 PM,Brewers at Dodgers,Dodger Stadium,"Local TV: KCAL ----- Local Radio: 570 Fox Sports L.A. -- KTNQ 1020",05/29/12,05/30/12,10:10 PM,01:10 AM,FALSE,TRUE,05/29/12,06:10 PM,09:10 PM,FREE,BUSY
05/30/12,07:10 PM,10:10 PM,Brewers at Dodgers,Dodger Stadium,"Local TV: PRIME -- TWC 858 ----- Local Radio: 570 Fox Sports L.A. -- KTNQ 1020",05/30/12,05/31/12,10:10 PM,01:10 AM,FALSE,TRUE,05/30/12,06:10 PM,09:10 PM,FREE,BUSY
05/31/12,07:10 PM,10:10 PM,Brewers at Dodgers,Dodger Stadium,"Local TV: TWC 858 -- PRIME ----- Local Radio: 570 Fox Sports L.A. -- KTNQ 1020",05/31/12,06/01/12,10:10 PM,01:10 AM,FALSE,TRUE,05/31/12,06:10 PM,09:10 PM,FREE,BUSY
06/01/12,05:40 PM,08:40 PM,Dodgers at Rockies,Coors Field,"Local TV: PRIME ----- Local Radio: 570 Fox Sports L.A. -- KTNQ 1020",06/01/12,06/01/12,08:40 PM,11:40 PM,FALSE,TRUE,06/01/12,04:40 PM,07:40 PM,FREE,BUSY
06/02/12,01:10 PM,04:10 PM,Dodgers at Rockies,Coors Field,"Local TV: PRIME ----- Local Radio: KTNQ 1020 -- 570 Fox Sports L.A.",06/02/12,06/02/12,04:10 PM,07:10 PM,FALSE,TRUE,06/02/12,12:10 PM,03:10 PM,FREE,BUSY
06/03/12,12:10 PM,03:10 PM,Dodgers at Rockies,Coors Field,"Local TV: KCAL ----- Local Radio: KTNQ 1020 -- 570 Fox Sports L.A.",06/03/12,06/03/12,03:10 PM,06:10 PM,FALSE,TRUE,06/03/12,11:10 AM,02:10 PM,FREE,BUSY
06/04/12,04:05 PM,07:05 PM,Dodgers at Phillies,Citizens Bank Park,"Local TV: ESPN -- KCAL ----- Local Radio: KTNQ 1020 -- 570 Fox Sports L.A.",06/04/12,06/04/12,07:05 PM,10:05 PM,FALSE,TRUE,06/04/12,03:05 PM,06:05 PM,FREE,BUSY
06/05/12,04:05 PM,07:05 PM,Dodgers at Phillies,Citizens Bank Park,"Local TV: KCAL ----- Local Radio: KTNQ 1020 -- 570 Fox Sports L.A.",06/05/12,06/05/12,07:05 PM,10:05 PM,FALSE,TRUE,06/05/12,03:05 PM,06:05 PM,FREE,BUSY
06/06/12,04:05 PM,07:05 PM,Dodgers at Phillies,Citizens Bank Park,"Local TV: PRIME ----- Local Radio: KTNQ 1020 -- 570 Fox Sports L.A.",06/06/12,06/06/12,07:05 PM,10:05 PM,FALSE,TRUE,06/06/12,03:05 PM,06:05 PM,FREE,BUSY
06/07/12,10:05 AM,01:05 PM,Dodgers at Phillies,Citizens Bank Park,"Local TV: PRIME ----- Local Radio: 570 Fox Sports L.A. -- KTNQ 1020",06/07/12,06/07/12,01:05 PM,04:05 PM,FALSE,TRUE,06/07/12,09:05 AM,12:05 PM,FREE,BUSY
06/08/12,07:10 PM,10:10 PM,Dodgers at Mariners,Safeco Field,"Local TV: PRIME ----- Local Radio: 570 Fox Sports L.A. -- KTNQ 1020",06/08/12,06/09/12,10:10 PM,01:10 AM,FALSE,TRUE,06/08/12,06:10 PM,09:10 PM,FREE,BUSY
06/09/12,04:15 PM,07:15 PM,Dodgers at Mariners,Safeco Field,"Local TV: FOX ----- Local Radio: 570 Fox Sports L.A. -- KTNQ 1020",06/09/12,06/09/12,07:15 PM,10:15 PM,FALSE,TRUE,06/09/12,03:15 PM,06:15 PM,FREE,BUSY
06/10/12,01:10 PM,04:10 PM,Dodgers at Mariners,Safeco Field,"Local TV: PRIME ----- Local Radio: KTNQ 1020 -- 570 Fox Sports L.A.",06/10/12,06/10/12,04:10 PM,07:10 PM,FALSE,TRUE,06/10/12,12:10 PM,03:10 PM,FREE,BUSY
06/11/12,07:10 PM,10:10 PM,Angels at Dodgers,Dodger Stadium,"Local TV: PRIME -- TWC 858 ----- Local Radio: KTNQ 1020 -- 570 Fox Sports L.A.",06/11/12,06/12/12,10:10 PM,01:10 AM,FALSE,TRUE,06/11/12,06:10 PM,09:10 PM,FREE,BUSY
06/12/12,07:10 PM,10:10 PM,Angels at Dodgers,Dodger Stadium,"Local TV: KCAL ----- Local Radio: 570 Fox Sports L.A. -- KTNQ 1020",06/12/12,06/13/12,10:10 PM,01:10 AM,FALSE,TRUE,06/12/12,06:10 PM,09:10 PM,FREE,BUSY
06/13/12,07:10 PM,10:10 PM,Angels at Dodgers,Dodger Stadium,"Local TV: PRIME -- TWC 858 ----- Local Radio: KTNQ 1020 -- 570 Fox Sports L.A.",06/13/12,06/14/12,10:10 PM,01:10 AM,FALSE,TRUE,06/13/12,06:10 PM,09:10 PM,FREE,BUSY
06/15/12,07:10 PM,10:10 PM,White Sox at Dodgers,Dodger Stadium,"Local TV: TWC 858 -- PRIME ----- Local Radio: 570 Fox Sports L.A. -- KTNQ 1020",06/15/12,06/16/12,10:10 PM,01:10 AM,FALSE,TRUE,06/15/12,06:10 PM,09:10 PM,FREE,BUSY
06/16/12,07:10 PM,10:10 PM,White Sox at Dodgers,Dodger Stadium,"Local TV: KCAL ----- Local Radio: 570 Fox Sports L.A. -- KTNQ 1020",06/16/12,06/17/12,10:10 PM,01:10 AM,FALSE,TRUE,06/16/12,06:10 PM,09:10 PM,FREE,BUSY
06/17/12,01:10 PM,04:10 PM,White Sox at Dodgers,Dodger Stadium,"Local TV: PRIME -- TWC 858 ----- Local Radio: 570 Fox Sports L.A. -- KTNQ 1020",06/17/12,06/17/12,04:10 PM,07:10 PM,FALSE,TRUE,06/17/12,12:10 PM,03:10 PM,FREE,BUSY
06/19/12,07:05 PM,10:05 PM,Dodgers at Athletics,Oakland Coliseum,"Local TV: KCAL ----- Local Radio: KTNQ 1020 -- 570 Fox Sports L.A.",06/19/12,06/20/12,10:05 PM,01:05 AM,FALSE,TRUE,06/19/12,06:05 PM,09:05 PM,FREE,BUSY
06/20/12,07:05 PM,10:05 PM,Dodgers at Athletics,Oakland Coliseum,"Local TV: KCAL ----- Local Radio: 570 Fox Sports L.A. -- KTNQ 1020",06/20/12,06/21/12,10:05 PM,01:05 AM,FALSE,TRUE,06/20/12,06:05 PM,09:05 PM,FREE,BUSY
06/21/12,12:35 PM,03:35 PM,Dodgers at Athletics,Oakland Coliseum,"Local TV: KCAL ----- Local Radio: KTNQ 1020 -- 570 Fox Sports L.A.",06/21/12,06/21/12,03:35 PM,06:35 PM,FALSE,TRUE,06/21/12,11:35 AM,02:35 PM,FREE,BUSY
06/22/12,07:05 PM,10:05 PM,Dodgers at Angels,Angel Stadium of Anaheim,"Local TV: PRIME ----- Local Radio: KTNQ 1020 -- 570 Fox Sports L.A.",06/22/12,06/23/12,10:05 PM,01:05 AM,FALSE,TRUE,06/22/12,06:05 PM,09:05 PM,FREE,BUSY
06/23/12,04:15 PM,07:15 PM,Dodgers at Angels,Angel Stadium of Anaheim,"Local TV: FOX ----- Local Radio: 570 Fox Sports L.A. -- KTNQ 1020",06/23/12,06/23/12,07:15 PM,10:15 PM,FALSE,TRUE,06/23/12,03:15 PM,06:15 PM,FREE,BUSY
06/24/12,12:35 PM,03:35 PM,Dodgers at Angels,Angel Stadium of Anaheim,"Local Radio: KTNQ 1020 -- 570 Fox Sports L.A.",06/24/12,06/24/12,03:35 PM,06:35 PM,FALSE,TRUE,06/24/12,11:35 AM,02:35 PM,FREE,BUSY
06/25/12,07:15 PM,10:15 PM,Dodgers at Giants,AT&T Park,"Local TV: PRIME ----- Local Radio: 570 Fox Sports L.A. -- KTNQ 1020",06/25/12,06/26/12,10:15 PM,01:15 AM,FALSE,TRUE,06/25/12,06:15 PM,09:15 PM,FREE,BUSY
06/26/12,07:15 PM,10:15 PM,Dodgers at Giants,AT&T Park,"Local TV: KCAL ----- Local Radio: 570 Fox Sports L.A. -- KTNQ 1020",06/26/12,06/27/12,10:15 PM,01:15 AM,FALSE,TRUE,06/26/12,06:15 PM,09:15 PM,FREE,BUSY
06/27/12,12:45 PM,03:45 PM,Dodgers at Giants,AT&T Park,"Local TV: PRIME ----- Local Radio: 570 Fox Sports L.A. -- KTNQ 1020",06/27/12,06/27/12,03:45 PM,06:45 PM,FALSE,TRUE,06/27/12,11:45 AM,02:45 PM,FREE,BUSY
06/28/12,07:10 PM,10:10 PM,Mets at Dodgers,Dodger Stadium,"Local TV: TWC 858 -- PRIME ----- Local Radio: KTNQ 1020 -- 570 Fox Sports L.A.",06/28/12,06/29/12,10:10 PM,01:10 AM,FALSE,TRUE,06/28/12,06:10 PM,09:10 PM,FREE,BUSY
06/29/12,07:10 PM,10:10 PM,Mets at Dodgers,Dodger Stadium,"Local TV: PRIME -- TWC 858 ----- Local Radio: KTNQ 1020 -- 570 Fox Sports L.A.",06/29/12,06/30/12,10:10 PM,01:10 AM,FALSE,TRUE,06/29/12,06:10 PM,09:10 PM,FREE,BUSY
06/30/12,04:15 PM,07:15 PM,Mets at Dodgers,Dodger Stadium,"Local TV: FOX ----- Local Radio: 570 Fox Sports L.A. -- KTNQ 1020",06/30/12,06/30/12,07:15 PM,10:15 PM,FALSE,TRUE,06/30/12,03:15 PM,06:15 PM,FREE,BUSY
07/01/12,03:33 AM,03:33 AM,Mets at Dodgers,Dodger Stadium,"Local TV: TWC 858 ----- Local Radio: 570 Fox Sports L.A. -- KTNQ 1020",07/01/12,07/01/12,06:33 AM,06:33 AM,FALSE,TRUE,07/01/12,02:33 AM,02:33 AM,FREE,BUSY
07/02/12,07:10 PM,10:10 PM,Reds at Dodgers,Dodger Stadium,"Local TV: PRIME -- TWC 858 ----- Local Radio: KTNQ 1020 -- 570 Fox Sports L.A.",07/02/12,07/03/12,10:10 PM,01:10 AM,FALSE,TRUE,07/02/12,06:10 PM,09:10 PM,FREE,BUSY
07/03/12,07:10 PM,10:10 PM,Reds at Dodgers,Dodger Stadium,"Local TV: KCAL ----- Local Radio: 570 Fox Sports L.A. -- KTNQ 1020",07/03/12,07/04/12,10:10 PM,01:10 AM,FALSE,TRUE,07/03/12,06:10 PM,09:10 PM,FREE,BUSY
07/04/12,06:10 PM,09:10 PM,Reds at Dodgers,Dodger Stadium,"Local TV: TWC 858 -- PRIME ----- Local Radio: 570 Fox Sports L.A. -- KTNQ 1020",07/04/12,07/05/12,09:10 PM,12:10 AM,FALSE,TRUE,07/04/12,05:10 PM,08:10 PM,FREE,BUSY
07/05/12,06:40 PM,09:40 PM,Dodgers at D-backs,Chase Field,"Local TV: PRIME ----- Local Radio: 570 Fox Sports L.A. -- KTNQ 1020",07/05/12,07/06/12,09:40 PM,12:40 AM,FALSE,TRUE,07/05/12,05:40 PM,08:40 PM,FREE,BUSY
07/06/12,06:40 PM,09:40 PM,Dodgers at D-backs,Chase Field,"Local TV: PRIME ----- Local Radio: 570 Fox Sports L.A. -- KTNQ 1020",07/06/12,07/07/12,09:40 PM,12:40 AM,FALSE,TRUE,07/06/12,05:40 PM,08:40 PM,FREE,BUSY
07/07/12,07:10 PM,10:10 PM,Dodgers at D-backs,Chase Field,"Local TV: PRIME ----- Local Radio: 570 Fox Sports L.A. -- KTNQ 1020",07/07/12,07/08/12,10:10 PM,01:10 AM,FALSE,TRUE,07/07/12,06:10 PM,09:10 PM,FREE,BUSY
07/08/12,01:10 PM,04:10 PM,Dodgers at D-backs,Chase Field,"Local TV: PRIME ----- Local Radio: 570 Fox Sports L.A. -- KTNQ 1020",07/08/12,07/08/12,04:10 PM,07:10 PM,FALSE,TRUE,07/08/12,12:10 PM,03:10 PM,FREE,BUSY
07/10/12,03:33 AM,03:33 AM,NL All-Stars at AL All-Stars,Kauffman Stadium,,07/10/12,07/10/12,06:33 AM,06:33 AM,FALSE,TRUE,07/10/12,02:33 AM,02:33 AM,FREE,BUSY
07/13/12,07:10 PM,10:10 PM,Padres at Dodgers,Dodger Stadium,"Local TV: TWC 858 -- PRIME ----- Local Radio: 570 Fox Sports L.A. -- KTNQ 1020",07/13/12,07/14/12,10:10 PM,01:10 AM,FALSE,TRUE,07/13/12,06:10 PM,09:10 PM,FREE,BUSY
07/14/12,06:10 PM,09:10 PM,Padres at Dodgers,Dodger Stadium,"Local TV: TWC 858 -- PRIME ----- Local Radio: KTNQ 1020 -- 570 Fox Sports L.A.",07/14/12,07/15/12,09:10 PM,12:10 AM,FALSE,TRUE,07/14/12,05:10 PM,08:10 PM,FREE,BUSY
07/15/12,01:10 PM,04:10 PM,Padres at Dodgers,Dodger Stadium,"Local TV: PRIME -- TWC 858 ----- Local Radio: 570 Fox Sports L.A. -- KTNQ 1020",07/15/12,07/15/12,04:10 PM,07:10 PM,FALSE,TRUE,07/15/12,12:10 PM,03:10 PM,FREE,BUSY
07/16/12,07:10 PM,10:10 PM,Phillies at Dodgers,Dodger Stadium,"Local TV: PRIME -- TWC 858 ----- Local Radio: KTNQ 1020 -- 570 Fox Sports L.A.",07/16/12,07/17/12,10:10 PM,01:10 AM,FALSE,TRUE,07/16/12,06:10 PM,09:10 PM,FREE,BUSY
07/17/12,07:10 PM,10:10 PM,Phillies at Dodgers,Dodger Stadium,"Local TV: KCAL ----- Local Radio: 570 Fox Sports L.A. -- KTNQ 1020",07/17/12,07/18/12,10:10 PM,01:10 AM,FALSE,TRUE,07/17/12,06:10 PM,09:10 PM,FREE,BUSY
07/18/12,12:10 PM,03:10 PM,Phillies at Dodgers,Dodger Stadium,"Local TV: TWC 858 -- PRIME ----- Local Radio: KTNQ 1020 -- 570 Fox Sports L.A.",07/18/12,07/18/12,03:10 PM,06:10 PM,FALSE,TRUE,07/18/12,11:10 AM,02:10 PM,FREE,BUSY
07/20/12,04:10 PM,07:10 PM,Dodgers at Mets,Citi Field,"Local TV: PRIME ----- Local Radio: 570 Fox Sports L.A. -- KTNQ 1020",07/20/12,07/20/12,07:10 PM,10:10 PM,FALSE,TRUE,07/20/12,03:10 PM,06:10 PM,FREE,BUSY
07/21/12,10:10 AM,01:10 PM,Dodgers at Mets,Citi Field,"Local TV: KCAL ----- Local Radio: 570 Fox Sports L.A. -- KTNQ 1020",07/21/12,07/21/12,01:10 PM,04:10 PM,FALSE,TRUE,07/21/12,09:10 AM,12:10 PM,FREE,BUSY
07/22/12,10:10 AM,01:10 PM,Dodgers at Mets,Citi Field,"Local TV: PRIME ----- Local Radio: 570 Fox Sports L.A. -- KTNQ 1020",07/22/12,07/22/12,01:10 PM,04:10 PM,FALSE,TRUE,07/22/12,09:10 AM,12:10 PM,FREE,BUSY
07/23/12,05:15 PM,08:15 PM,Dodgers at Cardinals,Busch Stadium,"Local TV: PRIME ----- Local Radio: 570 Fox Sports L.A. -- KTNQ 1020",07/23/12,07/23/12,08:15 PM,11:15 PM,FALSE,TRUE,07/23/12,04:15 PM,07:15 PM,FREE,BUSY
07/24/12,05:15 PM,08:15 PM,Dodgers at Cardinals,Busch Stadium,"Local TV: KCAL ----- Local Radio: 570 Fox Sports L.A. -- KTNQ 1020",07/24/12,07/24/12,08:15 PM,11:15 PM,FALSE,TRUE,07/24/12,04:15 PM,07:15 PM,FREE,BUSY
07/25/12,05:15 PM,08:15 PM,Dodgers at Cardinals,Busch Stadium,"Local TV: KCAL ----- Local Radio: 570 Fox Sports L.A. -- KTNQ 1020",07/25/12,07/25/12,08:15 PM,11:15 PM,FALSE,TRUE,07/25/12,04:15 PM,07:15 PM,FREE,BUSY
07/26/12,10:45 AM,01:45 PM,Dodgers at Cardinals,Busch Stadium,"Local TV: PRIME ----- Local Radio: KTNQ 1020 -- 570 Fox Sports L.A.",07/26/12,07/26/12,01:45 PM,04:45 PM,FALSE,TRUE,07/26/12,09:45 AM,12:45 PM,FREE,BUSY
07/27/12,07:15 PM,10:15 PM,Dodgers at Giants,AT&T Park,"Local TV: PRIME ----- Local Radio: 570 Fox Sports L.A. -- KTNQ 1020",07/27/12,07/28/12,10:15 PM,01:15 AM,FALSE,TRUE,07/27/12,06:15 PM,09:15 PM,FREE,BUSY
07/28/12,06:05 PM,09:05 PM,Dodgers at Giants,AT&T Park,"Local TV: KCAL ----- Local Radio: KTNQ 1020 -- 570 Fox Sports L.A.",07/28/12,07/29/12,09:05 PM,12:05 AM,FALSE,TRUE,07/28/12,05:05 PM,08:05 PM,FREE,BUSY
07/29/12,01:05 PM,04:05 PM,Dodgers at Giants,AT&T Park,"Local Radio: KTNQ 1020 -- 570 Fox Sports L.A.",07/29/12,07/29/12,04:05 PM,07:05 PM,FALSE,TRUE,07/29/12,12:05 PM,03:05 PM,FREE,BUSY
07/30/12,07:10 PM,10:10 PM,D-backs at Dodgers,Dodger Stadium,"Local TV: TWC 858 -- PRIME ----- Local Radio: KTNQ 1020 -- 570 Fox Sports L.A.",07/30/12,07/31/12,10:10 PM,01:10 AM,FALSE,TRUE,07/30/12,06:10 PM,09:10 PM,FREE,BUSY
07/31/12,07:10 PM,10:10 PM,D-backs at Dodgers,Dodger Stadium,"Local TV: KCAL ----- Local Radio: 570 Fox Sports L.A. -- KTNQ 1020",07/31/12,08/01/12,10:10 PM,01:10 AM,FALSE,TRUE,07/31/12,06:10 PM,09:10 PM,FREE,BUSY
08/01/12,12:10 PM,03:10 PM,D-backs at Dodgers,Dodger Stadium,"Local TV: PRIME -- TWC 858 ----- Local Radio: KTNQ 1020 -- 570 Fox Sports L.A.",08/01/12,08/01/12,03:10 PM,06:10 PM,FALSE,TRUE,08/01/12,11:10 AM,02:10 PM,FREE,BUSY
08/03/12,07:10 PM,10:10 PM,Cubs at Dodgers,Dodger Stadium,"Local TV: PRIME -- TWC 858 ----- Local Radio: 570 Fox Sports L.A. -- KTNQ 1020",08/03/12,08/04/12,10:10 PM,01:10 AM,FALSE,TRUE,08/03/12,06:10 PM,09:10 PM,FREE,BUSY
08/04/12,06:10 PM,09:10 PM,Cubs at Dodgers,Dodger Stadium,"Local TV: TWC 858 -- PRIME ----- Local Radio: 570 Fox Sports L.A. -- KTNQ 1020",08/04/12,08/05/12,09:10 PM,12:10 AM,FALSE,TRUE,08/04/12,05:10 PM,08:10 PM,FREE,BUSY
08/05/12,03:33 AM,03:33 AM,Cubs at Dodgers,Dodger Stadium,"Local Radio: 570 Fox Sports L.A. -- KTNQ 1020",08/05/12,08/05/12,06:33 AM,06:33 AM,FALSE,TRUE,08/05/12,02:33 AM,02:33 AM,FREE,BUSY
08/06/12,07:10 PM,10:10 PM,Rockies at Dodgers,Dodger Stadium,"Local TV: PRIME -- TWC 858 ----- Local Radio: KTNQ 1020 -- 570 Fox Sports L.A.",08/06/12,08/07/12,10:10 PM,01:10 AM,FALSE,TRUE,08/06/12,06:10 PM,09:10 PM,FREE,BUSY
08/07/12,07:10 PM,10:10 PM,Rockies at Dodgers,Dodger Stadium,"Local TV: KCAL ----- Local Radio: KTNQ 1020 -- 570 Fox Sports L.A.",08/07/12,08/08/12,10:10 PM,01:10 AM,FALSE,TRUE,08/07/12,06:10 PM,09:10 PM,FREE,BUSY
08/08/12,07:10 PM,10:10 PM,Rockies at Dodgers,Dodger Stadium,"Local TV: PRIME ----- Local Radio: 570 Fox Sports L.A. -- KTNQ 1020",08/08/12,08/09/12,10:10 PM,01:10 AM,FALSE,TRUE,08/08/12,06:10 PM,09:10 PM,FREE,BUSY
08/10/12,04:10 PM,07:10 PM,Dodgers at Marlins,Marlins Park,"Local TV: PRIME ----- Local Radio: KTNQ 1020 -- 570 Fox Sports L.A.",08/10/12,08/10/12,07:10 PM,10:10 PM,FALSE,TRUE,08/10/12,03:10 PM,06:10 PM,FREE,BUSY
08/11/12,04:10 PM,07:10 PM,Dodgers at Marlins,Marlins Park,"Local TV: KCAL ----- Local Radio: 570 Fox Sports L.A. -- KTNQ 1020",08/11/12,08/11/12,07:10 PM,10:10 PM,FALSE,TRUE,08/11/12,03:10 PM,06:10 PM,FREE,BUSY
08/12/12,10:10 AM,01:10 PM,Dodgers at Marlins,Marlins Park,"Local TV: KCAL ----- Local Radio: KTNQ 1020 -- 570 Fox Sports L.A.",08/12/12,08/12/12,01:10 PM,04:10 PM,FALSE,TRUE,08/12/12,09:10 AM,12:10 PM,FREE,BUSY
08/13/12,04:05 PM,07:05 PM,Dodgers at Pirates,PNC Park,"Local TV: PRIME ----- Local Radio: KTNQ 1020 -- 570 Fox Sports L.A.",08/13/12,08/13/12,07:05 PM,10:05 PM,FALSE,TRUE,08/13/12,03:05 PM,06:05 PM,FREE,BUSY
08/14/12,04:05 PM,07:05 PM,Dodgers at Pirates,PNC Park,"Local TV: KCAL ----- Local Radio: 570 Fox Sports L.A. -- KTNQ 1020",08/14/12,08/14/12,07:05 PM,10:05 PM,FALSE,TRUE,08/14/12,03:05 PM,06:05 PM,FREE,BUSY
08/15/12,04:05 PM,07:05 PM,Dodgers at Pirates,PNC Park,"Local TV: KCAL ----- Local Radio: KTNQ 1020 -- 570 Fox Sports L.A.",08/15/12,08/15/12,07:05 PM,10:05 PM,FALSE,TRUE,08/15/12,03:05 PM,06:05 PM,FREE,BUSY
08/16/12,01:05 PM,04:05 PM,Dodgers at Pirates,PNC Park,"Local TV: PRIME ----- Local Radio: KTNQ 1020 -- 570 Fox Sports L.A.",08/16/12,08/16/12,04:05 PM,07:05 PM,FALSE,TRUE,08/16/12,12:05 PM,03:05 PM,FREE,BUSY
08/17/12,04:35 PM,07:35 PM,Dodgers at Braves,Turner Field,"Local TV: PRIME ----- Local Radio: 570 Fox Sports L.A. -- KTNQ 1020",08/17/12,08/17/12,07:35 PM,10:35 PM,FALSE,TRUE,08/17/12,03:35 PM,06:35 PM,FREE,BUSY
08/18/12,04:10 PM,07:10 PM,Dodgers at Braves,Turner Field,"Local TV: PRIME ----- Local Radio: 570 Fox Sports L.A. -- KTNQ 1020",08/18/12,08/18/12,07:10 PM,10:10 PM,FALSE,TRUE,08/18/12,03:10 PM,06:10 PM,FREE,BUSY
08/19/12,10:35 AM,01:35 PM,Dodgers at Braves,Turner Field,"Local TV: KCAL ----- Local Radio: 570 Fox Sports L.A. -- KTNQ 1020",08/19/12,08/19/12,01:35 PM,04:35 PM,FALSE,TRUE,08/19/12,09:35 AM,12:35 PM,FREE,BUSY
08/20/12,07:10 PM,10:10 PM,Giants at Dodgers,Dodger Stadium,"Local TV: ESPN2 -- PRIME ----- Local Radio: 570 Fox Sports L.A. -- KTNQ 1020",08/20/12,08/21/12,10:10 PM,01:10 AM,FALSE,TRUE,08/20/12,06:10 PM,09:10 PM,FREE,BUSY
08/21/12,07:10 PM,10:10 PM,Giants at Dodgers,Dodger Stadium,"Local TV: KCAL ----- Local Radio: KTNQ 1020 -- 570 Fox Sports L.A.",08/21/12,08/22/12,10:10 PM,01:10 AM,FALSE,TRUE,08/21/12,06:10 PM,09:10 PM,FREE,BUSY
08/22/12,07:10 PM,10:10 PM,Giants at Dodgers,Dodger Stadium,"Local TV: KCAL ----- Local Radio: 570 Fox Sports L.A. -- KTNQ 1020",08/22/12,08/23/12,10:10 PM,01:10 AM,FALSE,TRUE,08/22/12,06:10 PM,09:10 PM,FREE,BUSY
08/24/12,07:10 PM,10:10 PM,Marlins at Dodgers,Dodger Stadium,"Local TV: PRIME -- TWC 858 ----- Local Radio: KTNQ 1020 -- 570 Fox Sports L.A.",08/24/12,08/25/12,10:10 PM,01:10 AM,FALSE,TRUE,08/24/12,06:10 PM,09:10 PM,FREE,BUSY
08/25/12,06:10 PM,09:10 PM,Marlins at Dodgers,Dodger Stadium,"Local TV: PRIME -- TWC 858 ----- Local Radio: 570 Fox Sports L.A. -- KTNQ 1020",08/25/12,08/26/12,09:10 PM,12:10 AM,FALSE,TRUE,08/25/12,05:10 PM,08:10 PM,FREE,BUSY
08/26/12,01:10 PM,04:10 PM,Marlins at Dodgers,Dodger Stadium,"Local TV: TWC 858 -- PRIME ----- Local Radio: KTNQ 1020 -- 570 Fox Sports L.A.",08/26/12,08/26/12,04:10 PM,07:10 PM,FALSE,TRUE,08/26/12,12:10 PM,03:10 PM,FREE,BUSY
08/27/12,05:40 PM,08:40 PM,Dodgers at Rockies,Coors Field,"Local TV: KCAL ----- Local Radio: KTNQ 1020 -- 570 Fox Sports L.A.",08/27/12,08/27/12,08:40 PM,11:40 PM,FALSE,TRUE,08/27/12,04:40 PM,07:40 PM,FREE,BUSY
08/28/12,05:40 PM,08:40 PM,Dodgers at Rockies,Coors Field,"Local TV: KCAL ----- Local Radio: 570 Fox Sports L.A. -- KTNQ 1020",08/28/12,08/28/12,08:40 PM,11:40 PM,FALSE,TRUE,08/28/12,04:40 PM,07:40 PM,FREE,BUSY
08/29/12,12:10 PM,03:10 PM,Dodgers at Rockies,Coors Field,"Local TV: PRIME ----- Local Radio: 570 Fox Sports L.A. -- KTNQ 1020",08/29/12,08/29/12,03:10 PM,06:10 PM,FALSE,TRUE,08/29/12,11:10 AM,02:10 PM,FREE,BUSY
08/30/12,07:10 PM,10:10 PM,D-backs at Dodgers,Dodger Stadium,"Local TV: PRIME ----- Local Radio: KTNQ 1020 -- 570 Fox Sports L.A.",08/30/12,08/31/12,10:10 PM,01:10 AM,FALSE,TRUE,08/30/12,06:10 PM,09:10 PM,FREE,BUSY
08/31/12,07:10 PM,10:10 PM,D-backs at Dodgers,Dodger Stadium,"Local TV: TWC 858 -- PRIME ----- Local Radio: 570 Fox Sports L.A. -- KTNQ 1020",08/31/12,09/01/12,10:10 PM,01:10 AM,FALSE,TRUE,08/31/12,06:10 PM,09:10 PM,FREE,BUSY
09/01/12,06:10 PM,09:10 PM,D-backs at Dodgers,Dodger Stadium,"Local TV: TWC 858 -- PRIME ----- Local Radio: 570 Fox Sports L.A. -- KTNQ 1020",09/01/12,09/02/12,09:10 PM,12:10 AM,FALSE,TRUE,09/01/12,05:10 PM,08:10 PM,FREE,BUSY
09/02/12,05:10 PM,08:10 PM,D-backs at Dodgers,Dodger Stadium,"Local Radio: 570 Fox Sports L.A. -- KTNQ 1020",09/02/12,09/02/12,08:10 PM,11:10 PM,FALSE,TRUE,09/02/12,04:10 PM,07:10 PM,FREE,BUSY
09/03/12,05:10 PM,08:10 PM,Padres at Dodgers,Dodger Stadium,"Local TV: PRIME -- TWC 858 ----- Local Radio: 570 Fox Sports L.A. -- KTNQ 1020",09/03/12,09/03/12,08:10 PM,11:10 PM,FALSE,TRUE,09/03/12,04:10 PM,07:10 PM,FREE,BUSY
09/04/12,07:10 PM,10:10 PM,Padres at Dodgers,Dodger Stadium,"Local TV: KCAL ----- Local Radio: KTNQ 1020 -- 570 Fox Sports L.A.",09/04/12,09/05/12,10:10 PM,01:10 AM,FALSE,TRUE,09/04/12,06:10 PM,09:10 PM,FREE,BUSY
09/05/12,07:10 PM,10:10 PM,Padres at Dodgers,Dodger Stadium,"Local TV: PRIME -- TWC 858 ----- Local Radio: KTNQ 1020 -- 570 Fox Sports L.A.",09/05/12,09/06/12,10:10 PM,01:10 AM,FALSE,TRUE,09/05/12,06:10 PM,09:10 PM,FREE,BUSY
09/07/12,07:15 PM,10:15 PM,Dodgers at Giants,AT&T Park,"Local TV: PRIME ----- Local Radio: KTNQ 1020 -- 570 Fox Sports L.A.",09/07/12,09/08/12,10:15 PM,01:15 AM,FALSE,TRUE,09/07/12,06:15 PM,09:15 PM,FREE,BUSY
09/08/12,01:05 PM,04:05 PM,Dodgers at Giants,AT&T Park,"Local TV: FOX ----- Local Radio: KTNQ 1020 -- 570 Fox Sports L.A.",09/08/12,09/08/12,04:05 PM,07:05 PM,FALSE,TRUE,09/08/12,12:05 PM,03:05 PM,FREE,BUSY
09/09/12,01:05 PM,04:05 PM,Dodgers at Giants,AT&T Park,"Local Radio: 570 Fox Sports L.A. -- KTNQ 1020",09/09/12,09/09/12,04:05 PM,07:05 PM,FALSE,TRUE,09/09/12,12:05 PM,03:05 PM,FREE,BUSY
09/11/12,06:40 PM,09:40 PM,Dodgers at D-backs,Chase Field,"Local TV: KCAL ----- Local Radio: 570 Fox Sports L.A. -- KTNQ 1020",09/11/12,09/12/12,09:40 PM,12:40 AM,FALSE,TRUE,09/11/12,05:40 PM,08:40 PM,FREE,BUSY
09/12/12,06:40 PM,09:40 PM,Dodgers at D-backs,Chase Field,"Local TV: PRIME ----- Local Radio: 570 Fox Sports L.A. -- KTNQ 1020",09/12/12,09/13/12,09:40 PM,12:40 AM,FALSE,TRUE,09/12/12,05:40 PM,08:40 PM,FREE,BUSY
09/13/12,07:10 PM,10:10 PM,Cardinals at Dodgers,Dodger Stadium,"Local TV: PRIME -- TWC 858 ----- Local Radio: 570 Fox Sports L.A. -- KTNQ 1020",09/13/12,09/14/12,10:10 PM,01:10 AM,FALSE,TRUE,09/13/12,06:10 PM,09:10 PM,FREE,BUSY
09/14/12,07:10 PM,10:10 PM,Cardinals at Dodgers,Dodger Stadium,"Local TV: PRIME -- TWC 858 ----- Local Radio: KTNQ 1020 -- 570 Fox Sports L.A.",09/14/12,09/15/12,10:10 PM,01:10 AM,FALSE,TRUE,09/14/12,06:10 PM,09:10 PM,FREE,BUSY
09/15/12,06:10 PM,09:10 PM,Cardinals at Dodgers,Dodger Stadium,"Local TV: PRIME -- TWC 858 ----- Local Radio: 570 Fox Sports L.A. -- KTNQ 1020",09/15/12,09/16/12,09:10 PM,12:10 AM,FALSE,TRUE,09/15/12,05:10 PM,08:10 PM,FREE,BUSY
09/16/12,03:33 AM,03:33 AM,Cardinals at Dodgers,Dodger Stadium,"Local Radio: 570 Fox Sports L.A. -- KTNQ 1020",09/16/12,09/16/12,06:33 AM,06:33 AM,FALSE,TRUE,09/16/12,02:33 AM,02:33 AM,FREE,BUSY
09/18/12,04:05 PM,07:05 PM,Dodgers at Nationals,Nationals Park,"Local TV: KCAL ----- Local Radio: KTNQ 1020 -- 570 Fox Sports L.A.",09/18/12,09/18/12,07:05 PM,10:05 PM,FALSE,TRUE,09/18/12,03:05 PM,06:05 PM,FREE,BUSY
09/19/12,04:05 PM,07:05 PM,Dodgers at Nationals,Nationals Park,"Local TV: KCAL ----- Local Radio: 570 Fox Sports L.A. -- KTNQ 1020",09/19/12,09/19/12,07:05 PM,10:05 PM,FALSE,TRUE,09/19/12,03:05 PM,06:05 PM,FREE,BUSY
09/20/12,04:05 PM,07:05 PM,Dodgers at Nationals,Nationals Park,"Local TV: PRIME ----- Local Radio: KTNQ 1020 -- 570 Fox Sports L.A.",09/20/12,09/20/12,07:05 PM,10:05 PM,FALSE,TRUE,09/20/12,03:05 PM,06:05 PM,FREE,BUSY
09/21/12,04:10 PM,07:10 PM,Dodgers at Reds,Great American Ball Park,"Local TV: PRIME ----- Local Radio: KTNQ 1020 -- 570 Fox Sports L.A.",09/21/12,09/21/12,07:10 PM,10:10 PM,FALSE,TRUE,09/21/12,03:10 PM,06:10 PM,FREE,BUSY
09/22/12,04:10 PM,07:10 PM,Dodgers at Reds,Great American Ball Park,"Local Radio: KTNQ 1020 -- 570 Fox Sports L.A.",09/22/12,09/22/12,07:10 PM,10:10 PM,FALSE,TRUE,09/22/12,03:10 PM,06:10 PM,FREE,BUSY
09/23/12,10:10 AM,01:10 PM,Dodgers at Reds,Great American Ball Park,"Local TV: PRIME ----- Local Radio: KTNQ 1020 -- 570 Fox Sports L.A.",09/23/12,09/23/12,01:10 PM,04:10 PM,FALSE,TRUE,09/23/12,09:10 AM,12:10 PM,FREE,BUSY
09/25/12,07:05 PM,10:05 PM,Dodgers at Padres,PETCO Park,"Local TV: KCAL ----- Local Radio: KTNQ 1020 -- 570 Fox Sports L.A.",09/25/12,09/26/12,10:05 PM,01:05 AM,FALSE,TRUE,09/25/12,06:05 PM,09:05 PM,FREE,BUSY
09/26/12,03:35 PM,06:35 PM,Dodgers at Padres,PETCO Park,"Local TV: PRIME ----- Local Radio: KTNQ 1020 -- 570 Fox Sports L.A.",09/26/12,09/26/12,06:35 PM,09:35 PM,FALSE,TRUE,09/26/12,02:35 PM,05:35 PM,FREE,BUSY
09/27/12,07:05 PM,10:05 PM,Dodgers at Padres,PETCO Park,"Local TV: KCAL ----- Local Radio: 570 Fox Sports L.A. -- KTNQ 1020",09/27/12,09/28/12,10:05 PM,01:05 AM,FALSE,TRUE,09/27/12,06:05 PM,09:05 PM,FREE,BUSY
09/28/12,07:10 PM,10:10 PM,Rockies at Dodgers,Dodger Stadium,"Local TV: PRIME ----- Local Radio: 570 Fox Sports L.A. -- KTNQ 1020",09/28/12,09/29/12,10:10 PM,01:10 AM,FALSE,TRUE,09/28/12,06:10 PM,09:10 PM,FREE,BUSY
09/29/12,03:33 AM,03:33 AM,Rockies at Dodgers,Dodger Stadium,"Local Radio: 570 Fox Sports L.A. -- KTNQ 1020",09/29/12,09/29/12,06:33 AM,06:33 AM,FALSE,TRUE,09/29/12,02:33 AM,02:33 AM,FREE,BUSY
09/30/12,01:10 PM,04:10 PM,Rockies at Dodgers,Dodger Stadium,"Local TV: PRIME -- TWC 858 ----- Local Radio: 570 Fox Sports L.A. -- KTNQ 1020",09/30/12,09/30/12,04:10 PM,07:10 PM,FALSE,TRUE,09/30/12,12:10 PM,03:10 PM,FREE,BUSY
10/01/12,07:10 PM,10:10 PM,Giants at Dodgers,Dodger Stadium,"Local TV: TWC 858 -- PRIME ----- Local Radio: 570 Fox Sports L.A. -- KTNQ 1020",10/01/12,10/02/12,10:10 PM,01:10 AM,FALSE,TRUE,10/01/12,06:10 PM,09:10 PM,FREE,BUSY
10/02/12,07:10 PM,10:10 PM,Giants at Dodgers,Dodger Stadium,"Local TV: KCAL ----- Local Radio: KTNQ 1020 -- 570 Fox Sports L.A.",10/02/12,10/03/12,10:10 PM,01:10 AM,FALSE,TRUE,10/02/12,06:10 PM,09:10 PM,FREE,BUSY
10/03/12,04:15 PM,07:15 PM,Giants at Dodgers,Dodger Stadium,"Local TV: TWC 858 -- PRIME ----- Local Radio: KTNQ 1020 -- 570 Fox Sports L.A.",10/03/12,10/03/12,07:15 PM,10:15 PM,FALSE,TRUE,10/03/12,03:15 PM,06:15 PM,FREE,BUSY
